,Unnamed: 0,Unnamed: 0.1,Date,High,Low,Open,Close,Volume,Adj Close,Midpoint
0,0,0,2020-02-07,153.9499969482422,146.0,146.11000061035156,149.61399841308594,85317500.0,149.61399841308594,149.9749984741211
1,1,1,2020-02-10,163.9980010986328,150.47999572753906,160.0,154.25599670410156,123446000.0,154.25599670410156,157.23899841308594
2,2,2,2020-02-11,156.70199584960938,151.60000610351562,153.75799560546875,154.87600708007812,58487500.0,154.87600708007812,154.1510009765625
3,3,3,2020-02-12,157.9499969482422,152.6739959716797,155.57400512695312,153.45799255371094,60112500.0,153.45799255371094,155.31199645996094
4,4,4,2020-02-13,163.60000610351562,147.0,148.3679962158203,160.8000030517578,131446500.0,160.8000030517578,155.3000030517578
5,5,5,2020-02-14,162.593994140625,157.10000610351562,157.44400024414062,160.00599670410156,78468500.0,160.00599670410156,159.8470001220703
6,6,6,2020-02-18,172.0,166.4720001220703,168.32000732421875,171.67999267578125,81908500.0,171.67999267578125,169.23600006103516
7,7,7,2020-02-19,188.9559936523437,180.20399475097656,184.6999969482422,183.48399353027344,127115000.0,183.48399353027344,184.57999420166013
8,8,8,2020-02-20,182.3999938964844,171.98800659179688,182.38999938964844,179.8820037841797,88174500.0,179.8820037841797,177.19400024414062
9,9,9,2020-02-21,182.61199951171875,176.08999633789062,181.39599609375,180.1999969482422,71574000.0,180.1999969482422,179.3509979248047
10,10,10,2020-02-24,172.6999969482422,164.44000244140625,167.8000030517578,166.75799560546875,75961000.0,166.75799560546875,168.56999969482422
11,11,11,2020-02-25,171.32000732421875,157.39999389648438,169.8000030517578,159.98199462890625,86452500.0,159.98199462890625,164.36000061035156
12,12,12,2020-02-26,162.66200256347656,155.2220001220703,156.5,155.75999450683594,70427500.0,155.75999450683594,158.94200134277344
13,13,13,2020-02-27,147.95399475097656,133.8000030517578,146.0,135.8000030517578,121386000.0,135.8000030517578,140.8769989013672
14,14,14,2020-02-28,138.10400390625,122.3040008544922,125.94000244140624,133.59800720214844,122821000.0,133.59800720214844,130.2040023803711
15,15,15,2020-03-02,148.73800659179688,137.33399963378906,142.2519989013672,148.7239990234375,100975000.0,148.7239990234375,143.03600311279297
16,16,16,2020-03-03,161.39599609375,143.2220001220703,161.0,149.1020050048828,128920000.0,149.1020050048828,152.30899810791016
17,17,17,2020-03-04,153.3040008544922,144.9459991455078,152.79200744628906,149.89999389648438,75245000.0,149.89999389648438,149.125
18,18,18,2020-03-05,149.14999389648438,143.61399841308594,144.75399780273438,144.9080047607422,54263500.0,144.9080047607422,146.38199615478516
19,19,19,2020-03-06,141.39999389648438,136.85400390625,138.0,140.6959991455078,63314500.0,140.6959991455078,139.1269989013672
20,20,20,2020-03-09,132.60000610351562,121.0,121.0780029296875,121.5999984741211,85368500.0,121.5999984741211,126.80000305175781
21,21,21,2020-03-10,133.60000610351562,121.5999984741211,131.88600158691406,129.0659942626953,77972000.0,129.0659942626953,127.60000228881836
22,22,22,2020-03-11,130.71600341796875,122.5999984741211,128.0399932861328,126.84600067138672,66612500.0,126.84600067138672,126.65800094604492
23,23,23,2020-03-12,118.9000015258789,109.25,116.1780014038086,112.11000061035156,94545500.0,112.11000061035156,114.07500076293945
24,24,24,2020-03-13,121.51399993896484,100.4000015258789,119.0,109.3239974975586,113201500.0,109.3239974975586,110.95700073242188
25,25,25,2020-03-16,98.9739990234375,88.43399810791016,93.9000015258789,89.01399993896484,102447500.0,89.01399993896484,93.70399856567383
26,26,26,2020-03-17,94.37000274658205,79.19999694824219,88.00199890136719,86.04000091552734,119973000.0,86.04000091552734,86.78499984741211
27,27,27,2020-03-18,80.97200012207031,70.10199737548828,77.80000305175781,72.24400329589844,118931000.0,72.24400329589844,75.5369987487793
28,28,28,2020-03-19,90.4000015258789,71.69200134277344,74.94000244140625,85.52799987792969,150977500.0,85.52799987792969,81.04600143432617
29,29,29,2020-03-20,95.4000015258789,85.15799713134766,87.63999938964844,85.50599670410156,141427500.0,85.50599670410156,90.27899932861328
30,30,30,2020-03-23,88.4000015258789,82.0999984741211,86.72000122070312,86.85800170898438,82272500.0,86.85800170898438,85.25
31,31,31,2020-03-24,102.73799896240234,94.8000030517578,95.45999908447266,101.0,114476000.0,101.0,98.76900100708008
32,32,32,2020-03-25,111.4000015258789,102.22200012207033,109.0500030517578,107.8499984741211,106113500.0,107.8499984741211,106.81100082397461
33,33,33,2020-03-26,112.0,102.4499969482422,109.47799682617188,105.63200378417967,86903500.0,105.63200378417967,107.2249984741211
34,34,34,2020-03-27,105.16000366210938,98.80599975585938,101.0,102.87200164794922,71887000.0,102.87200164794922,101.98300170898438
35,35,35,2020-03-30,103.33000183105467,98.24600219726562,102.052001953125,100.4260025024414,59990500.0,100.4260025024414,100.78800201416016
36,36,36,2020-03-31,108.59200286865234,99.4000015258789,100.25,104.8000030517578,88857500.0,104.8000030517578,103.99600219726562
37,37,37,2020-04-01,102.79000091552734,95.0199966430664,100.8000030517578,96.31199645996094,66766000.0,96.31199645996094,98.90499877929688
38,38,38,2020-04-02,98.85199737548828,89.27999877929688,96.20600128173828,90.8939971923828,99292000.0,90.8939971923828,94.06599807739258
39,39,39,2020-04-03,103.0979995727539,93.6780014038086,101.9000015258789,96.0019989013672,22562100.0,96.0019989013672,98.38800048828125
40,40,40,2020-04-06,104.1999969482422,99.59200286865234,102.23999786376952,103.2480010986328,14901800.0,103.2480010986328,101.89599990844727
41,41,41,2020-04-07,113.0,106.46800231933594,109.0,109.08999633789062,17919800.0,109.08999633789062,109.73400115966797
42,42,42,2020-04-08,111.44200134277344,106.66600036621094,110.83999633789062,109.76799774169922,12656000.0,109.76799774169922,109.05400085449219
43,43,43,2020-04-09,115.03600311279295,111.4219970703125,112.41799926757812,114.5999984741211,13650000.0,114.5999984741211,113.22900009155273
44,44,44,2020-04-13,130.39999389648438,116.1060028076172,118.03199768066406,130.19000244140625,22475400.0,130.19000244140625,123.25299835205078
45,45,45,2020-04-14,148.37600708007812,138.48599243164062,139.79400634765625,141.97799682617188,30576500.0,141.97799682617188,143.43099975585938
46,46,46,2020-04-15,150.62600708007812,142.0,148.39999389648438,145.96600341796875,23577000.0,145.96600341796875,146.31300354003906
47,47,47,2020-04-16,151.88999938964844,141.343994140625,143.38800048828125,149.04200744628906,20657900.0,149.04200744628906,146.61699676513672
48,48,48,2020-04-17,154.99000549316406,149.53199768066406,154.45599365234375,150.7779998779297,13128200.0,150.7779998779297,152.26100158691406
49,49,49,2020-04-20,153.11399841308594,142.44200134277344,146.5399932861328,149.27200317382812,14746600.0,149.27200317382812,147.7779998779297
50,50,50,2020-04-21,150.66600036621094,134.75799560546875,146.0240020751953,137.343994140625,20209100.0,137.343994140625,142.71199798583984
51,51,51,2020-04-22,146.8000030517578,137.74200439453125,140.79600524902344,146.4219970703125,14224800.0,146.4219970703125,142.27100372314453
52,52,52,2020-04-23,146.8000030517578,140.62600708007812,145.52000427246094,141.12600708007812,13236700.0,141.12600708007812,143.71300506591797
53,53,53,2020-04-24,146.14599609375,139.63600158691406,142.16200256347656,145.02999877929688,13237600.0,145.02999877929688,142.89099884033203
54,54,54,2020-04-27,159.8979949951172,147.0,147.52200317382812,159.75,20681400.0,159.75,153.4489974975586
55,55,55,2020-04-28,161.0,151.33799743652344,159.1280059814453,153.82400512695312,15222000.0,153.82400512695312,156.16899871826172
56,56,56,2020-04-29,160.63999938964844,156.6320037841797,158.03399658203125,160.1020050048828,16216000.0,160.1020050048828,158.63600158691406
57,57,57,2020-04-30,173.96400451660156,152.6999969482422,171.03799438476562,156.37600708007812,28471900.0,156.37600708007812,163.33200073242188
58,58,58,2020-05-01,154.5540008544922,136.60800170898438,151.0,140.26400756835938,32531800.0,140.26400756835938,145.58100128173828
59,59,59,2020-05-04,152.39999389648438,139.60000610351562,140.1999969482422,152.23800659179688,19237100.0,152.23800659179688,146.0
60,60,60,2020-05-05,159.78399658203125,152.43600463867188,157.95799255371094,153.64199829101562,16991700.0,153.64199829101562,156.11000061035156
61,61,61,2020-05-06,157.9600067138672,152.2220001220703,155.3000030517578,156.51600646972656,11123200.0,156.51600646972656,155.09100341796875
62,62,62,2020-05-07,159.27999877929688,154.47000122070312,155.44200134277344,156.00799560546875,11527700.0,156.00799560546875,156.875
63,63,63,2020-05-08,164.8000030517578,157.40199279785156,158.75399780273438,163.88400268554688,16130100.0,163.88400268554688,161.1009979248047
64,64,64,2020-05-11,164.8000030517578,157.0,158.1020050048828,162.25799560546875,16519600.0,162.25799560546875,160.9000015258789
65,65,65,2020-05-12,168.6580047607422,161.60000610351562,165.39999389648438,161.8820037841797,15906900.0,161.8820037841797,165.1290054321289
66,66,66,2020-05-13,165.1999969482422,152.66000366210938,164.16600036621094,158.19200134277344,19065500.0,158.19200134277344,158.93000030517578
67,67,67,2020-05-14,160.6719970703125,152.8000030517578,156.0,160.66600036621094,13682200.0,160.66600036621094,156.73600006103516
68,68,68,2020-05-15,161.00999450683594,157.30999755859375,158.07000732421875,159.83399963378906,10518400.0,159.83399963378906,159.15999603271484
69,69,69,2020-05-18,166.94400024414062,160.7760009765625,165.55599975585938,162.7259979248047,11698100.0,162.7259979248047,163.86000061035156
70,70,70,2020-05-19,164.41400146484375,161.21600341796875,163.03399658203125,161.6020050048828,9636500.0,161.6020050048828,162.81500244140625
71,71,71,2020-05-20,165.1999969482422,162.36000061035156,164.10000610351562,163.11199951171875,7309300.0,163.11199951171875,163.77999877929688
72,72,72,2020-05-21,166.5,159.1999969482422,163.1999969482422,165.52000427246094,12254600.0,165.52000427246094,162.8499984741211
73,73,73,2020-05-22,166.3560028076172,162.39999389648438,164.4340057373047,163.37600708007812,9987500.0,163.37600708007812,164.37799835205078
74,74,74,2020-05-26,166.9199981689453,163.14199829101562,166.89999389648438,163.7740020751953,8089700.0,163.7740020751953,165.03099822998047
75,75,75,2020-05-27,165.54200744628906,157.0,164.1719970703125,164.04600524902344,11549500.0,164.04600524902344,161.27100372314453
76,76,76,2020-05-28,164.9499969482422,160.33799743652344,162.70199584960938,161.16200256347656,7255600.0,161.16200256347656,162.6439971923828
77,77,77,2020-05-29,167.0,160.8419952392578,161.75,167.0,11812500.0,167.0,163.9209976196289
78,78,78,2020-06-01,179.8000030517578,170.82000732421875,171.60000610351562,179.6199951171875,14939500.0,179.6199951171875,175.31000518798828
79,79,79,2020-06-02,181.73199462890625,174.1999969482422,178.94000244140625,176.31199645996094,13565600.0,176.31199645996094,177.96599578857422
80,80,80,2020-06-03,179.58799743652344,176.02000427246094,177.62399291992188,176.5919952392578,7949500.0,176.5919952392578,177.8040008544922
81,81,81,2020-06-04,179.14999389648438,171.68800354003906,177.9759979248047,172.87600708007812,8887700.0,172.87600708007812,175.41899871826172
82,82,82,2020-06-05,177.3040008544922,173.24000549316406,175.5679931640625,177.1320037841797,7811900.0,177.1320037841797,175.27200317382812
83,83,83,2020-06-08,190.0,181.83200073242188,183.8000030517578,189.98399353027344,14174700.0,189.98399353027344,185.91600036621094
84,84,84,2020-06-09,190.88800048828125,184.78599548339844,188.0019989013672,188.13400268554688,11388200.0,188.13400268554688,187.83699798583984
85,85,85,2020-06-10,205.4960021972656,196.5,198.37600708007807,205.009994506836,18563400.0,205.009994506836,200.9980010986328
86,86,86,2020-06-11,203.79200744628903,194.3999938964844,198.0399932861328,194.5679931640625,15916500.0,194.5679931640625,199.09600067138672
87,87,87,2020-06-12,197.5959930419922,182.5200042724609,196.0,187.05599975585932,16730200.0,187.05599975585932,190.05799865722656
88,88,88,2020-06-15,199.7680053710937,181.6999969482422,183.55799865722656,198.17999267578125,15697200.0,198.17999267578125,190.73400115966794
89,89,89,2020-06-16,202.5760040283203,192.47799682617188,202.3699951171875,196.42599487304688,14051100.0,196.42599487304688,197.5270004272461
90,90,90,2020-06-17,201.0,196.51400756835932,197.54200744628903,198.3580017089844,9869400.0,198.3580017089844,198.75700378417966
91,91,91,2020-06-18,203.83999633789065,198.8939971923828,200.6000061035156,200.79200744628903,9751900.0,200.79200744628903,201.36699676513672
92,92,92,2020-06-19,203.19400024414065,198.2680053710937,202.55599975585932,200.17999267578125,8679700.0,200.17999267578125,200.7310028076172
93,93,93,2020-06-22,201.7760009765625,198.0039978027344,199.9900054931641,198.863998413086,6362400.0,198.863998413086,199.88999938964844
94,94,94,2020-06-23,202.3999938964844,198.802001953125,199.7760009765625,200.3560028076172,6365300.0,200.3560028076172,200.6009979248047
95,95,95,2020-06-24,200.17599487304688,190.6280059814453,198.822006225586,192.1699981689453,10959600.0,192.1699981689453,195.4020004272461
96,96,96,2020-06-25,197.1959991455078,187.42999267578125,190.85400390625,197.1959991455078,9254500.0,197.1959991455078,192.31299591064453
97,97,97,2020-06-26,199.0,190.9739990234375,198.9559936523437,191.947998046875,8854900.0,191.947998046875,194.98699951171875
98,98,98,2020-06-29,202.0,189.70399475097656,193.802001953125,201.8699951171875,9026400.0,201.8699951171875,195.85199737548828
99,99,99,2020-06-30,217.5379943847656,200.7460021972656,201.3000030517578,215.9620056152344,16918500.0,215.9620056152344,209.1419982910156
100,100,100,2020-07-01,227.0659942626953,216.1000061035156,216.6000061035156,223.92599487304688,13326900.0,223.92599487304688,221.58300018310547
101,101,101,2020-07-02,245.6000061035156,237.1199951171875,244.29600524902344,241.73199462890625,17250100.0,241.73199462890625,241.36000061035156
102,102,102,2020-07-06,275.5580139160156,253.2079925537109,255.33799743652344,274.3160095214844,20569900.0,274.3160095214844,264.3830032348633
103,103,103,2020-07-07,285.8999938964844,267.3420104980469,281.00201416015625,277.97198486328125,21489700.0,277.97198486328125,276.6210021972656
104,104,104,2020-07-08,283.4519958496094,262.2680053710937,281.0,273.1759948730469,16311300.0,273.1759948730469,272.86000061035156
105,105,105,2020-07-09,281.7120056152344,270.2560119628906,279.39801025390625,278.8559875488281,11717600.0,278.8559875488281,275.9840087890625
106,106,106,2020-07-10,309.78399658203125,275.2019958496094,279.20001220703125,308.92999267578125,23337600.0,308.92999267578125,292.4929962158203
107,107,107,2020-07-13,358.9979858398437,294.22198486328125,331.79998779296875,299.4119873046875,38985400.0,299.4119873046875,326.6099853515625
108,108,108,2020-07-14,318.0,286.20001220703125,311.20001220703125,303.3599853515625,23418100.0,303.3599853515625,302.1000061035156
109,109,109,2020-07-15,310.0,291.3999938964844,308.6000061035156,309.2019958496094,16367800.0,309.2019958496094,300.6999969482422
110,110,110,2020-07-16,306.3420104980469,293.20001220703125,295.4320068359375,300.12799072265625,14300800.0,300.12799072265625,299.77101135253906
111,111,111,2020-07-17,307.50201416015625,298.0,302.69000244140625,300.1679992675781,9330000.0,300.1679992675781,302.7510070800781
112,112,112,2020-07-20,330.0,297.6000061035156,303.802001953125,328.6000061035156,17121400.0,328.6000061035156,313.8000030517578
113,113,113,2020-07-21,335.0,311.6000061035156,327.9859924316406,313.6719970703125,16157300.0,313.6719970703125,323.3000030517578
114,114,114,2020-07-22,325.28399658203125,312.3999938964844,319.79998779296875,318.46600341796875,14161100.0,318.46600341796875,318.8419952392578
115,115,115,2020-07-23,337.79998779296875,296.15399169921875,335.7900085449219,302.614013671875,24328500.0,302.614013671875,316.97698974609375
116,116,116,2020-07-24,293.0,273.3080139160156,283.2019958496094,283.3999938964844,19396600.0,283.3999938964844,283.1540069580078
117,117,117,2020-07-27,309.5880126953125,282.6000061035156,287.0,307.9200134277344,16048700.0,307.9200134277344,296.09400939941406
118,118,118,2020-07-28,312.94000244140625,294.8840026855469,300.79998779296875,295.2980041503906,15808700.0,295.2980041503906,303.91200256347656
119,119,119,2020-07-29,306.9620056152344,297.3999938964844,300.20001220703125,299.8219909667969,9426900.0,299.8219909667969,302.1809997558594
120,120,120,2020-07-30,302.64801025390625,294.20001220703125,297.6000061035156,297.4979858398437,7621000.0,297.4979858398437,298.42401123046875
121,121,121,2020-07-31,303.4100036621094,284.1960144042969,303.0,286.1520080566406,12247000.0,286.1520080566406,293.8030090332031
122,122,122,2020-08-03,301.9620056152344,288.8760070800781,289.8399963378906,297.0,8809300.0,297.0,295.41900634765625
123,123,123,2020-08-04,305.48199462890625,292.3999938964844,299.00201416015625,297.3999938964844,8415000.0,297.3999938964844,298.9409942626953
124,124,124,2020-08-05,299.9679870605469,293.6619873046875,298.5979919433594,297.0039978027344,4978000.0,297.0039978027344,296.8149871826172
125,125,125,2020-08-06,303.4620056152344,295.4519958496094,298.1659851074219,297.9159851074219,5992300.0,297.9159851074219,299.4570007324219
126,126,126,2020-08-07,299.95001220703125,283.00201416015625,299.9079895019531,290.5419921875,8883500.0,290.5419921875,291.47601318359375
127,127,127,2020-08-10,291.5,277.1679992675781,289.6000061035156,283.7139892578125,7522300.0,283.7139892578125,284.33399963378906
128,128,128,2020-08-11,284.0,273.0,279.20001220703125,274.87799072265625,8625800.0,274.87799072265625,278.5
129,129,129,2020-08-12,317.0,287.0,294.0,310.9519958496094,21898800.0,310.9519958496094,302.0
130,130,130,2020-08-13,330.2359924316406,313.4519958496094,322.20001220703125,324.20001220703125,20425300.0,324.20001220703125,321.843994140625
131,131,131,2020-08-14,333.760009765625,325.3280029296875,332.9979858398437,330.1419982910156,12577600.0,330.1419982910156,329.54400634765625
132,132,132,2020-08-17,369.1719970703125,334.5660095214844,335.3999938964844,367.12799072265625,20242300.0,367.12799072265625,351.86900329589844
133,133,133,2020-08-18,384.7799987792969,369.0220031738281,379.7980041503906,377.4179992675781,16474500.0,377.4179992675781,376.9010009765625
134,134,134,2020-08-19,382.2000122070313,368.2420043945313,373.0,375.70599365234375,12205300.0,375.70599365234375,375.2210083007813
135,135,135,2020-08-20,404.3980102539063,371.4119873046875,372.135986328125,400.3659973144531,20611800.0,400.3659973144531,387.9049987792969
136,136,136,2020-08-21,419.0979919433594,405.010009765625,408.9519958496094,409.9960021972656,21489600.0,409.9960021972656,412.0540008544922
137,137,137,2020-08-24,425.7999877929688,385.5039978027344,425.2560119628906,402.8399963378906,20063600.0,402.8399963378906,405.65199279785156
138,138,138,2020-08-25,405.5899963378906,393.6000061035156,394.9779968261719,404.6679992675781,10658900.0,404.6679992675781,399.5950012207031
139,139,139,2020-08-26,433.2000122070313,410.72601318359375,412.0,430.6340026855469,14239400.0,430.6340026855469,421.9630126953125
140,140,140,2020-08-27,459.1199951171875,428.5,436.0920104980469,447.75,23693000.0,447.75,443.80999755859375
141,141,141,2020-08-28,463.697998046875,437.3039855957031,459.0239868164063,442.6799926757813,20081200.0,442.6799926757813,450.50099182128906
142,142,142,2020-08-31,500.1400146484375,440.1099853515625,444.6099853515625,498.3200073242188,118374400.0,498.3200073242188,470.125
143,143,143,2020-09-01,502.489990234375,470.510009765625,502.1400146484375,475.0499877929688,90119400.0,475.0499877929688,486.5
144,144,144,2020-09-02,479.0400085449219,405.1199951171875,478.989990234375,447.3699951171875,96176100.0,447.3699951171875,442.0800018310547
145,145,145,2020-09-03,431.7999877929688,402.0,407.2300109863281,407.0,87596100.0,407.0,416.8999938964844
146,146,146,2020-09-04,428.0,372.0199890136719,402.80999755859375,418.3200073242188,110321900.0,418.3200073242188,400.00999450683594
147,147,147,2020-09-08,368.739990234375,329.8800048828125,356.0,330.2099914550781,115465700.0,330.2099914550781,349.30999755859375
148,148,148,2020-09-09,369.0,341.510009765625,356.6000061035156,366.2799987792969,79465800.0,366.2799987792969,355.2550048828125
149,149,149,2020-09-10,398.989990234375,360.55999755859375,386.2099914550781,371.3399963378906,84930600.0,371.3399963378906,379.7749938964844
150,150,150,2020-09-11,382.5,360.5,381.9400024414063,372.7200012207031,60717500.0,372.7200012207031,371.5
151,151,151,2020-09-14,420.0,373.2999877929688,380.9500122070313,419.6199951171875,83020600.0,419.6199951171875,396.6499938964844
152,152,152,2020-09-15,461.9400024414063,430.7000122070313,436.55999755859375,449.760009765625,97298200.0,449.760009765625,446.3200073242188
153,153,153,2020-09-16,457.7900085449219,435.30999755859375,439.8699951171875,441.760009765625,72279300.0,441.760009765625,446.5500030517578
154,154,154,2020-09-17,437.7900085449219,408.0,415.6000061035156,423.4299926757813,76779200.0,423.4299926757813,422.89500427246094
155,155,155,2020-09-18,451.0,428.7999877929688,447.9400024414063,442.1499938964844,86406800.0,442.1499938964844,439.8999938964844
156,156,156,2020-09-21,455.6799926757813,407.0700073242188,453.1300048828125,449.3900146484375,109476800.0,449.3900146484375,431.37500000000006
157,157,157,2020-09-22,437.760009765625,417.6000061035156,429.6000061035156,424.2300109863281,79580800.0,424.2300109863281,427.6800079345703
158,158,158,2020-09-23,412.1499938964844,375.8800048828125,405.1600036621094,380.3599853515625,95074200.0,380.3599853515625,394.01499938964844
159,159,159,2020-09-24,399.5,351.29998779296875,363.7999877929688,387.7900085449219,96561100.0,387.7900085449219,375.3999938964844
160,160,160,2020-09-25,408.7300109863281,391.2999877929688,393.4700012207031,407.3399963378906,67208500.0,407.3399963378906,400.01499938964844
161,161,161,2020-09-28,428.0799865722656,415.5499877929688,424.6199951171875,421.2000122070313,49719600.0,421.2000122070313,421.8149871826172
162,162,162,2020-09-29,428.5,411.6000061035156,416.0,419.0700073242188,50219300.0,419.0700073242188,420.0500030517578
163,163,163,2020-09-30,433.9299926757813,420.4700012207031,421.3200073242188,429.010009765625,48145600.0,429.010009765625,427.1999969482422
164,164,164,2020-10-01,448.8800048828125,434.4200134277344,440.760009765625,448.1600036621094,50741500.0,448.1600036621094,441.65000915527344
165,165,165,2020-10-02,439.1300048828125,415.0,421.3900146484375,415.0899963378906,71055600.0,415.0899963378906,427.06500244140625
166,166,166,2020-10-05,433.6400146484375,419.3299865722656,423.3500061035156,425.6799926757813,44722800.0,425.6799926757813,426.48500061035156
167,167,167,2020-10-06,428.7799987792969,406.0499877929688,423.7900085449219,413.9800109863281,49146300.0,413.9800109863281,417.4149932861328
168,168,168,2020-10-07,429.8999938964844,413.8500061035156,419.8699951171875,425.2999877929688,43127700.0,425.2999877929688,421.875
169,169,169,2020-10-08,439.0,425.2999877929688,438.4400024414063,425.9200134277344,40421100.0,425.9200134277344,432.1499938964844
170,170,170,2020-10-09,434.5899963378906,426.4599914550781,430.1300048828125,434.0,28925700.0,434.0,430.5249938964844
171,171,171,2020-10-12,448.739990234375,438.5799865722656,442.0,442.2999877929688,38791100.0,442.2999877929688,443.6599884033203
172,172,172,2020-10-13,448.8900146484375,436.6000061035156,443.3500061035156,446.6499938964844,34463700.0,446.6499938964844,442.74501037597656
173,173,173,2020-10-14,465.8999938964844,447.3500061035156,449.7799987792969,461.2999877929688,48045400.0,461.2999877929688,456.625
174,174,174,2020-10-15,456.5700073242188,442.5,450.30999755859375,448.8800048828125,35672400.0,448.8800048828125,449.5350036621094
175,175,175,2020-10-16,455.9500122070313,438.8500061035156,454.4400024414063,439.6700134277344,32775900.0,439.6700134277344,447.40000915527344
176,176,176,2020-10-19,447.0,428.8699951171875,446.239990234375,430.8299865722656,36287800.0,430.8299865722656,437.93499755859375
177,177,177,2020-10-20,431.75,419.0499877929688,431.75,421.9400024414063,31656300.0,421.9400024414063,425.3999938964844
178,178,178,2020-10-21,432.9500122070313,421.25,422.7000122070313,422.6400146484375,32370500.0,422.6400146484375,427.1000061035156
179,179,179,2020-10-22,445.2300109863281,424.510009765625,441.9200134277344,425.7900085449219,39993200.0,425.7900085449219,434.87001037597656
180,180,180,2020-10-23,422.8900146484375,407.3800048828125,421.8399963378906,420.6300048828125,33717000.0,420.6300048828125,415.135009765625
181,181,181,2020-10-26,425.760009765625,410.0,411.6300048828125,420.2799987792969,28239200.0,420.2799987792969,417.8800048828125
182,182,182,2020-10-27,430.5,420.1000061035156,423.760009765625,424.6799926757813,22686500.0,424.6799926757813,425.3000030517578
183,183,183,2020-10-28,418.6000061035156,406.0,416.4800109863281,406.0199890136719,25451400.0,406.0199890136719,412.3000030517578
184,184,184,2020-10-29,418.05999755859375,406.4599914550781,409.9599914550781,410.8299865722656,22655300.0,410.8299865722656,412.25999450683594
185,185,185,2020-10-30,407.5899963378906,379.1099853515625,406.8999938964844,388.0400085449219,42511300.0,388.0400085449219,393.34999084472656
186,186,186,2020-11-02,406.9800109863281,392.2999877929688,394.0,400.510009765625,29021100.0,400.510009765625,399.63999938964844
187,187,187,2020-11-03,427.7699890136719,406.6900024414063,409.7300109863281,423.8999938964844,34351700.0,423.8999938964844,417.22999572753906
188,188,188,2020-11-04,435.3999938964844,417.1000061035156,430.6199951171875,420.9800109863281,32143100.0,420.9800109863281,426.25
189,189,189,2020-11-05,440.0,424.0,428.2999877929688,438.0899963378906,28414500.0,438.0899963378906,432.0
190,190,190,2020-11-06,436.5700073242188,424.2799987792969,436.1000061035156,429.9500122070313,21706000.0,429.9500122070313,430.4250030517578
191,191,191,2020-11-09,452.5,421.0,439.5,421.260009765625,34833000.0,421.260009765625,436.75
192,192,192,2020-11-10,420.0899963378906,396.0299987792969,420.0899963378906,410.3599853515625,30284200.0,410.3599853515625,408.05999755859375
193,193,193,2020-11-11,418.7000122070313,410.5799865722656,416.4500122070313,417.1300048828125,17357700.0,417.1300048828125,414.63999938964844
194,194,194,2020-11-12,423.0,409.5199890136719,415.0499877929688,411.760009765625,19855100.0,411.760009765625,416.25999450683594
195,195,195,2020-11-13,412.5299987792969,401.6600036621094,410.8500061035156,408.5,19771100.0,408.5,407.0950012207031
196,196,196,2020-11-16,412.4500122070313,404.0899963378906,408.9299926757813,408.0899963378906,26838600.0,408.0899963378906,408.27000427246094
197,197,197,2020-11-17,462.0,433.010009765625,460.1700134277344,441.6099853515625,61188300.0,441.6099853515625,447.5050048828125
198,198,198,2020-11-18,496.0,443.5,448.3500061035156,486.6400146484375,78044000.0,486.6400146484375,469.75
199,199,199,2020-11-19,508.6099853515625,487.5700073242188,492.0,499.2699890136719,62475300.0,499.2699890136719,498.0899963378906
200,200,200,2020-11-20,502.5,489.05999755859375,497.989990234375,489.6099853515625,32807300.0,489.6099853515625,495.7799987792969
201,201,201,2020-11-23,526.0,501.7900085449219,503.5,521.8499755859375,50260300.0,521.8499755859375,513.8950042724609
202,202,202,2020-11-24,559.989990234375,526.2000122070312,540.4000244140625,555.3800048828125,53648500.0,555.3800048828125,543.0950012207031
203,203,203,2020-11-25,574.0,545.3699951171875,550.0599975585938,574.0,48930200.0,574.0,559.6849975585938
204,204,204,2020-11-27,598.780029296875,578.4500122070312,581.1599731445312,585.760009765625,37561100.0,585.760009765625,588.6150207519531
205,205,205,2020-11-30,607.7999877929688,554.510009765625,602.2100219726562,567.5999755859375,63003100.0,567.5999755859375,581.1549987792969
206,206,206,2020-12-01,597.8499755859375,572.0499877929688,597.5900268554688,584.760009765625,40382800.0,584.760009765625,584.9499816894531
207,207,207,2020-12-02,571.5399780273438,541.2100219726562,556.4400024414062,568.8200073242188,47775700.0,568.8200073242188,556.375
208,208,208,2020-12-03,598.969970703125,582.4299926757812,590.02001953125,593.3800048828125,42552000.0,593.3800048828125,590.6999816894531
209,209,209,2020-12-04,599.0399780273438,585.5,591.010009765625,599.0399780273438,29401300.0,599.0399780273438,592.2699890136719
210,210,210,2020-12-07,648.7899780273438,603.0499877929688,604.9199829101562,641.760009765625,56309700.0,641.760009765625,625.9199829101562
211,211,211,2020-12-08,651.280029296875,618.5,625.510009765625,649.8800048828125,64265000.0,649.8800048828125,634.8900146484375
212,212,212,2020-12-09,654.3200073242188,588.0,653.6900024414062,604.47998046875,71291200.0,604.47998046875,621.1600036621094
213,213,213,2020-12-10,627.75,566.3400268554688,574.3699951171875,627.0700073242188,67083200.0,627.0700073242188,597.0450134277344
214,214,214,2020-12-11,624.0,596.7999877929688,615.010009765625,609.989990234375,46475000.0,609.989990234375,610.3999938964844
215,215,215,2020-12-14,642.75,610.2000122070312,619.0,639.8300170898438,52040600.0,639.8300170898438,626.4750061035156
216,216,216,2020-12-15,646.9000244140625,623.7999877929688,643.280029296875,633.25,45223600.0,633.25,635.3500061035156
217,217,217,2020-12-16,632.5,605.0,628.22998046875,622.77001953125,42095800.0,622.77001953125,618.75
218,218,218,2020-12-17,658.8200073242188,619.5,628.1900024414062,655.9000244140625,56270100.0,655.9000244140625,639.1600036621094
219,219,219,2020-12-18,695.0,628.5399780273438,668.9000244140625,695.0,222126200.0,695.0,661.7699890136719
220,220,220,2020-12-21,668.5,646.0700073242188,666.239990234375,649.8599853515625,58045300.0,649.8599853515625,657.2850036621094
221,221,221,2020-12-22,649.8800048828125,614.22998046875,648.0,640.3400268554688,51716000.0,640.3400268554688,632.0549926757812
222,222,222,2020-12-23,651.5,622.5700073242188,632.2000122070312,645.97998046875,33173000.0,645.97998046875,637.0350036621094
223,223,223,2020-12-24,666.0900268554688,641.0,642.989990234375,661.77001953125,22865600.0,661.77001953125,653.5450134277344
224,224,224,2020-12-28,681.4000244140625,660.7999877929688,674.510009765625,663.6900024414062,32278600.0,663.6900024414062,671.1000061035156
225,225,225,2020-12-29,669.9000244140625,655.0,661.0,665.989990234375,22910800.0,665.989990234375,662.4500122070312
226,226,226,2020-12-30,696.5999755859375,668.3599853515625,672.0,694.780029296875,42846000.0,694.780029296875,682.47998046875
227,227,227,2020-12-31,718.719970703125,691.1199951171875,699.989990234375,705.6699829101562,49570900.0,705.6699829101562,704.9199829101562
228,228,228,2021-01-04,744.489990234375,717.1900024414062,719.4600219726562,729.77001953125,48638200.0,729.77001953125,730.8399963378906
229,229,229,2021-01-05,740.8400268554688,719.2000122070312,723.6599731445312,735.1099853515625,32245200.0,735.1099853515625,730.02001953125
230,230,230,2021-01-06,774.0,749.0999755859375,758.489990234375,755.97998046875,44700000.0,755.97998046875,761.5499877929688
231,231,231,2021-01-07,816.989990234375,775.2000122070312,777.6300048828125,816.0399780273438,51498900.0,816.0399780273438,796.0950012207031
232,232,232,2021-01-08,884.489990234375,838.3900146484375,856.0,880.02001953125,75055500.0,880.02001953125,861.4400024414062
233,233,233,2021-01-11,854.4299926757812,803.6199951171875,849.4000244140625,811.1900024414062,59554100.0,811.1900024414062,829.0249938964844
234,234,234,2021-01-12,868.0,827.3400268554688,831.0,849.4400024414062,46270700.0,849.4400024414062,847.6700134277344
235,235,235,2021-01-13,860.469970703125,832.0,852.760009765625,854.4099731445312,33312500.0,854.4099731445312,846.2349853515625
236,236,236,2021-01-14,863.0,838.75,843.3900146484375,845.0,31266300.0,845.0,850.875
237,237,237,2021-01-15,859.9000244140625,819.0999755859375,852.0,826.1599731445312,38777600.0,826.1599731445312,839.5
238,238,238,2021-01-19,850.0,833.0,837.7999877929688,844.5499877929688,25367000.0,844.5499877929688,841.5
239,239,239,2021-01-20,859.5,837.280029296875,858.739990234375,850.4500122070312,25665900.0,850.4500122070312,848.3900146484375
240,240,240,2021-01-21,855.719970703125,841.4199829101562,855.0,844.989990234375,20598100.0,844.989990234375,848.5699768066406
241,241,241,2021-01-22,848.0,828.6199951171875,834.3099975585938,846.6400146484375,20066500.0,846.6400146484375,838.3099975585938
242,242,242,2021-01-25,900.4000244140625,838.8200073242188,855.0,880.7999877929688,41173400.0,880.7999877929688,869.6100158691406
243,243,243,2021-01-26,895.9000244140625,871.5999755859375,891.3800048828125,883.0900268554688,23131600.0,883.0900268554688,883.75
244,244,244,2021-01-27,891.5,858.6599731445312,870.3499755859375,864.1599731445312,27334000.0,864.1599731445312,875.0799865722656
245,245,245,2021-01-28,848.0,801.0,820.0,835.4299926757812,26378000.0,835.4299926757812,824.5
246,246,246,2021-01-29,842.4099731445312,780.0999755859375,830.0,793.530029296875,34990800.0,793.530029296875,811.2549743652344
247,247,247,2021-02-01,842.0,795.5599975585938,814.2899780273438,839.8099975585938,25391400.0,839.8099975585938,818.7799987792969
248,248,248,2021-02-02,880.5,842.2000122070312,844.6799926757812,872.7899780273438,24346200.0,872.7899780273438,861.3500061035156
249,249,249,2021-02-03,878.0800170898438,853.0599975585938,877.02001953125,854.6900024414062,18343500.0,854.6900024414062,865.5700073242188
250,250,250,2021-02-04,856.5,833.4199829101562,855.0,849.989990234375,15812700.0,849.989990234375,844.9599914550781
251,251,251,2021-02-05,864.77001953125,838.969970703125,845.0,852.22998046875,18566600.0,852.22998046875,851.8699951171875
252,252,252,2021-02-08,877.77001953125,854.75,869.6699829101562,863.4199829101562,20161700.0,863.4199829101562,866.260009765625
253,253,253,2021-02-09,859.7999877929688,841.75,855.1199951171875,849.4600219726562,15157700.0,849.4600219726562,850.7749938964844
254,254,254,2021-02-10,844.8200073242188,800.02001953125,843.6400146484375,804.8200073242188,36216100.0,804.8200073242188,822.4200134277344
255,255,255,2021-02-11,829.8800048828125,801.72998046875,812.4400024414062,811.6599731445312,21622800.0,811.6599731445312,815.8049926757812
256,256,256,2021-02-12,817.3300170898438,785.3300170898438,801.260009765625,816.1199951171875,23768300.0,816.1199951171875,801.3300170898438
257,257,257,2021-02-16,821.0,792.4400024414062,818.0,796.219970703125,19802300.0,796.219970703125,806.7200012207031
258,258,258,2021-02-17,799.8400268554688,762.010009765625,779.0900268554688,798.1500244140625,25996500.0,798.1500244140625,780.9250183105469
259,259,259,2021-02-18,794.6900024414062,776.27001953125,780.9000244140625,787.3800048828125,17957100.0,787.3800048828125,785.4800109863281
260,260,260,2021-02-19,796.7899780273438,777.3699951171875,795.0,781.2999877929688,18958300.0,781.2999877929688,787.0799865722656
261,261,261,2021-02-22,768.5,710.2000122070312,762.6400146484375,714.5,37269700.0,714.5,739.3500061035156
262,262,262,2021-02-23,713.6099853515625,619.0,662.1300048828125,698.8400268554688,66606900.0,698.8400268554688,666.3049926757812
263,263,263,2021-02-24,745.0,694.1699829101562,711.8499755859375,742.02001953125,36767000.0,742.02001953125,719.5849914550781
264,264,264,2021-02-25,737.2100219726562,670.5800170898438,726.1500244140625,682.219970703125,39023900.0,682.219970703125,703.89501953125
265,265,265,2021-02-26,706.7000122070312,659.510009765625,700.0,675.5,41089200.0,675.5,683.1050109863281
266,266,266,2021-03-01,719.0,685.0499877929688,690.1099853515625,718.4299926757812,27136200.0,718.4299926757812,702.0249938964844
267,267,267,2021-03-02,721.1099853515625,685.0,718.280029296875,686.4400024414062,23732200.0,686.4400024414062,703.0549926757812
268,268,268,2021-03-03,700.7000122070312,651.7100219726562,687.989990234375,653.2000122070312,30208000.0,653.2000122070312,676.2050170898438
269,269,269,2021-03-04,668.4500122070312,600.0,655.7999877929688,621.4400024414062,65919500.0,621.4400024414062,634.2250061035156
270,270,270,2021-03-05,627.8400268554688,539.489990234375,626.0599975585938,597.9500122070312,89396500.0,597.9500122070312,583.6650085449219
271,271,271,2021-03-08,620.1300048828125,558.7899780273438,600.5499877929688,563.0,51787000.0,563.0,589.4599914550781
272,272,272,2021-03-09,678.0900268554688,595.2100219726562,608.1799926757812,673.5800170898438,67523300.0,673.5800170898438,636.6500244140625
273,273,273,2021-03-10,717.8499755859375,655.0599975585938,700.2999877929688,668.0599975585938,60605700.0,668.0599975585938,686.4549865722656
274,274,274,2021-03-11,702.5,677.1799926757812,699.4000244140625,699.5999755859375,36253900.0,699.5999755859375,689.8399963378906
275,275,275,2021-03-12,694.8800048828125,666.1400146484375,670.0,693.72998046875,33583800.0,693.72998046875,680.510009765625
276,276,276,2021-03-15,713.1799926757812,684.0399780273438,694.0900268554688,707.9400024414062,29335600.0,707.9400024414062,698.6099853515625
277,277,277,2021-03-16,707.9199829101562,671.0,703.3499755859375,676.8800048828125,32195700.0,676.8800048828125,689.4599914550781
278,278,278,2021-03-17,703.72998046875,651.010009765625,656.8699951171875,701.8099975585938,40372500.0,701.8099975585938,677.3699951171875
279,279,279,2021-03-18,689.22998046875,652.0,684.2899780273438,653.1599731445312,33369000.0,653.1599731445312,670.614990234375
280,280,280,2021-03-19,657.22998046875,624.6199951171875,646.5999755859375,654.8699951171875,42894000.0,654.8699951171875,640.9249877929688
281,281,281,2021-03-22,699.6199951171875,668.75,684.5900268554688,670.0,39512200.0,670.0,684.1849975585938
282,282,282,2021-03-23,677.7999877929688,657.510009765625,675.77001953125,662.1599731445312,30491900.0,662.1599731445312,667.6549987792969
283,283,283,2021-03-24,668.02001953125,630.1099853515625,667.9099731445312,630.27001953125,33795200.0,630.27001953125,649.0650024414062
284,284,284,2021-03-25,645.5,609.5,613.0,640.3900146484375,39224900.0,640.3900146484375,627.5
285,285,285,2021-03-26,643.8200073242188,599.8900146484375,641.8699951171875,618.7100219726562,33852800.0,618.7100219726562,621.8550109863281
286,286,286,2021-03-29,616.47998046875,596.02001953125,615.6400146484375,611.2899780273438,28637000.0,611.2899780273438,606.25
287,287,287,2021-03-30,637.6599731445312,591.010009765625,601.75,635.6199951171875,39432400.0,635.6199951171875,614.3349914550781
288,288,288,2021-03-31,672.0,641.1099853515625,646.6199951171875,667.9299926757812,33337300.0,667.9299926757812,656.5549926757812
289,289,289,2021-04-01,692.4199829101562,659.4199829101562,688.3699951171875,661.75,35206300.0,661.75,675.9199829101562
